cluster,file,snippet
14,test_data\A_Comprehensive_Survey_Integrating_Scientometric_Analysis_and_ML_approaches_for_.pdf,"asures in forthcoming blockchain-based systems. 1. INTRODUCTION The emergence of smart contracts on blockchain platforms has ushered in a transformative era in digital transactions, offering signi can"
10,test_data\A_Relative_Analysis_of_Modern_ML_Methods_for_Rainfall_Prediction.pdf,extremes can be examined using similar methodologies and pose similar issues. There are two basic ways for forecasting rainfall in India. The most often used computational approaches for weath er Anku
16,test_data\Associative_memory_retrieval_resolves_anticipated_uncertainty_of_upcoming_perceptual_decisions_186817.pdf,"there was a “correct” response possi- ble before stimulus onset – i.e. for cue levels 60%, 70%, 80%). This proportion was reliably greater than chance for all blocks individually (all P ≤0.047 by bino"
1,test_data\BMSP_ML__big_mart_sales_prediction_using_different_machine_learning_techniques.pdf,"ridge regression, linear regression, and decision tree models among the four machine learning techniques implemented in this study. The performance of the proposed models has been evaluated using root"
18,test_data\Detection_of_Model_Uncertainty_in_the_Dynamic_Linear_Elastic_Model_of_Vibrations.pdf,"⎣ M, C(p),A (p) I I ⎤ ⎦,X (p)= ⎡ ⎣ I, 0, −α 1I 0,I , −α4I 0, 0,D (p) ⎤ ⎦,E 0 = ⎡ ⎣ N, 0, 0 ⎤ ⎦,E 1 = ⎡ ⎣ 0, 0, N ⎤ ⎦, with D(p): = α1M + α4C(p)+ A(p)a n d P(p)= ⎡ ⎣ α3I, α 2I, α 1I −α6I, −α5I, α 4I −α"
5,test_data\Distribution_Preserving_Multiple_Hypotheses_Prediction_for_Uncertainty_Modeling.pdf,"eses. With a specific function d, we denote it as d-WTA loss. Minimizing the loss on the entire training set is equiv- alent to optimizing the expected distance to the closest hypothesis. A common cho"
9,test_data\FAKE_JOB_POSTING_DETECTION_USING_ML.pdf,"tectures automatically learn feature representations, which reduces the need for manual preprocessing. These models achieved higher accuracy but required larger datasets and more computational resourc"
7,test_data\HIGH_RISK_AND_LOW_RISK_PATIENTS_PREDICTION_IN_ICU_USING_ML_ALGORITHMS_.pdf,del for predictin g the mortality of the patients. Mortality prediction can be very helpful for taking critical decisions which can help in optimizing the resources available in the Hospital and also 
17,test_data\Improving the diagnosis of thyroid cancer by machine learning and clinical data.pdf,"shuffled variable. Using permutation predictor importance has three advantages. First, its calculation does not rely on the specific model form. Second, the predictive model only needs to be trained o"
8,test_data\ML_Based_Approach_for_NFL_Defensive_Pass_Interference_Prediction_Using_GPS_Track.pdf,d using Keras deep learning API and Tensorflow 2.0 library. ANN model was constructed using Keras Attention Mechanism library 5 built on top of an LSTM model. All models consisted of only one hidden l
2,test_data\Mpropred__A_machine_learning__ML__driven_Web_App_for_bioactivity_prediction_of_S.pdf,pro of SARS-Co V-2. The upper side of the flowchart depicts the methodology of building the web-app while the lower side shows the molecula r modeling protocol that was used to view into the correlati
11,test_data\Overcoming_Long_Inference_Time_of_Nearest_Neighbors_Analysis_in_Regression_and_U.pdf,"used as labels for training. In case of the IBUG method, the implementa- tion was taken from the original paper [6 ]. For the CatBoost method, we generated uncertainty labels using an underlying train"
3,test_data\Parameter_uncertainty_of_Land_Use_Change_Impact_Prediction_on_the_Hydrology_of_t.pdf,"cal models have been widely investigated, there have been few studies on the uncertainties of hydrological model predictions in the context of predicting land use change impacts. Model structural unce"
6,test_data\Physics_inspired_transfer_learning_for_ML_prediction_of_CNT_band_gaps_from_limit.pdf,"hes fail to represent such periodic functions due to limited available data, the recently proposed Snake activation function shows greatly improved results. Posing a second obstacle, the discretenatur"
12,test_data\Prediction_of_COVID_19_severity_using_laboratory_findings_on_admission__informat.pdf,"technique, (2) predicted the probabilities on the test dataset, (3) Table 2 Statistical significance of ROC AUC for pr edicting transfer to ICU out of the laboratory findings on admission No Feature A"
4,test_data\Predictive_power_of_single_subject_morphometric_networks_is_insensitive_to_spatial_scale_and_edge_we_170381.pdf,"lthy controls. From this figure, we can clearly see a pattern resembling the default mode network, in healthy controls from all the three samples. This is consistent with the results reported in previ"
15,test_data\Uncertainty_Aware_Prediction_of_Remaining_Useful_Life_in_Complex_Systems.pdf,onfidence interval. 0 25 50 75 100 125 150 175 Time/Cycle 0 20 40 60 80 100 120 R emaining Useful Life RUL Prediction with Uncertainty T rue RUL Predicted RUL Epistemic uncertainty Aleatoric uncertain
0,test_data\Uncertainty_in_Risk_Modelling.pdf,erent methods demonstrate great oscillations. iii Acknowledgements I would first like to thank my thesis advisor Dr. Niushan Gao of the Department of Math- ematics at Ryerson University. The door to D
19,test_data\Value_Representations_in_Orbitofrontal_Cortex_Drive_Learning_but_not_Choice_245720.pdf,"://doi.org/10.1101/245720doi: bioRxiv preprint As in our previous study (Miller, Botvinick and Brody, 2017), rat behavior was well-described by a cognitive model combining this model-based planning st"
13,test_data\Wear_prediction_model_of_hot_rolling_backup_roll_based_on_FEM_ML_algorithm.pdf,"rollers of different compositions under various heat treatments, and found that the wear resistance of backup rollers after induction quenching was better by observing the changes of microstructure in"
